,ISIC 01T03,ISIC 05,ISIC 06,ISIC 07T08,ISIC 09,ISIC 10T12,ISIC 13T15,ISIC 16,ISIC 17T18,ISIC 19,ISIC 20,ISIC 21,ISIC 22,ISIC 231,ISIC 239,ISIC 241,ISIC 242,ISIC 25,ISIC 26,ISIC 27,ISIC 28,ISIC 29,ISIC 30,ISIC 31T33,ISIC 351,ISIC 352T353,ISIC 36T39,ISIC 41T43,ISIC 45T47,ISIC 49T53,ISIC 55T56,ISIC 58T60,ISIC 61,ISIC 62T63,ISIC 64T66,ISIC 68,ISIC 69T82,ISIC 84,ISIC 85,ISIC 86T88,ISIC 90T96,ISIC 97T98
ISIC 01T03,1.1514248640076112,0,0,8.877010977145445e-4,3.666175139273678e-4,0.12389413004322435,0.015827656682338216,0.06633021371667756,0.007949334486491858,2.650262095403481e-4,0.009530817686583998,0.009530817686584002,0.0017993690188582343,4.89739736322462e-4,4.897397363224619e-4,2.2909397149063299e-4,2.2878677778759716e-4,1.937402061510153e-4,1.0314663533547389e-4,3.304779721832364e-4,2.2128726080722645e-4,3.2990040797240184e-4,1.0621802522404787e-4,0.0018226241203915519,1.4243172364459324e-4,1.4513024920170066e-4,3.1013893875684754e-4,0.0012539893320148378,7.455926003982425e-4,3.3333628717738663e-4,0.005344211271126564,2.079579369560288e-4,2.5264509858188535e-4,2.6316327246542437e-4,1.404510245995239e-4,1.9839200771326146e-4,6.948857124488764e-4,0.0026413816948292605,0.001160244690958875,0.0010593532216303246,7.422533425585332e-4,0
ISIC 05,0,1,0,0,0,0,0,0,0,0,0,0,0,0,0,0,0,0,0,0,0,0,0,0,0,0,0,0,0,0,0,0,0,0,0,0,0,0,0,0,0,0
ISIC 06,0,0,1,0,0,0,0,0,0,0,0,0,0,0,0,0,0,0,0,0,0,0,0,0,0,0,0,0,0,0,0,0,0,0,0,0,0,0,0,0,0,0
ISIC 07T08,0.002242081336608051,0,0,1.0404947226855956,0.010179127465712442,0.0012029760860960566,6.922960234989997e-4,5.696605334019859e-4,0.0038216204108306503,0.0035586245950250542,0.0032498042877203244,0.003249804287720325,8.658715128152168e-4,0.042778462426577735,0.04277846242657772,0.01818886178573644,0.01831393934791584,0.0018613814998170782,0.00014083756525315143,0.001069650360017908,7.901210831842213e-4,7.448500203212355e-4,3.374171460633319e-4,5.95007948144921e-4,0.0064467924674166815,0.005888008959917038,0.0021485357124420472,0.006548445961181028,1.6682271135776177e-4,2.956975503969399e-4,6.92698599624855e-4,1.8574924590730607e-4,3.7507600533191656e-4,5.686737810971912e-4,8.526019176016297e-5,3.5026389614703566e-4,4.3436541188263014e-4,0.0014214439231412716,8.043811235014604e-4,2.449336613813085e-4,0.0012500219940953104,0
ISIC 09,2.312454751957353e-6,0,0,9.527688979135596e-4,1.00234766008602,1.3100682880640614e-6,7.895827517987829e-7,7.418309695209311e-7,3.7986259463779853e-6,3.843732522410402e-6,3.1731435845603588e-6,3.17314358456036e-6,9.995039851704396e-7,3.9486463825017444e-5,3.948646382501744e-5,1.6903139806682338e-5,1.7014787950545753e-5,1.9761630009076948e-6,2.3433325988367914e-7,1.1464319777192354e-6,9.357240744315098e-7,8.301546012586843e-7,4.2797077569139397e-7,7.344786283615509e-7,6.385443982805031e-6,5.888279911956802e-6,2.2712564111532936e-6,6.210513501448604e-6,4.1014249104760826e-7,7.006874227018498e-7,9.37721877027273e-7,3.09941664439246e-7,5.376677100731087e-7,6.941503365434829e-7,2.2421446333535952e-7,1.2793232153175076e-6,1.1886200743789417e-6,2.123889303656705e-6,1.0431287666153554e-6,4.28016912851755e-7,1.436542968671716e-6,0
ISIC 10T12,0.04481799053115582,0,0,3.9860265293826977e-4,5.014359095900169e-4,1.0976152970058026,0.002249253510813486,0.003081737592820702,0.001942812787703446,6.541741648326812e-4,0.0033200498048836747,0.0033200498048836756,0.001024367122514959,0.0017879785296616496,0.001787978529661649,3.3657825718326056e-4,3.3386305022050814e-4,3.3045891245811807e-4,1.4547416884440808e-4,2.7472603978572586e-4,3.531389586564478e-4,3.4662308214331993e-4,1.8308951631674226e-4,4.643178905822052e-4,4.2400143444402846e-4,4.1264870104646946e-4,6.820752806032462e-4,4.971675787734718e-4,0.0014868288952744253,6.062070005636867e-4,0.03631688213264631,3.5083434653750936e-4,3.534902434729931e-4,8.066201408363569e-4,4.0394189199097403e-4,4.268788105440009e-4,0.0013049430968686694,0.010233371879478497,0.00794547546669652,0.007421944631445677,0.0035424739126201934,0
ISIC 13T15,9.285797424533258e-5,0,0,4.291462890260078e-5,3.7306737556543e-5,9.542348730679339e-5,1.013161383664661,4.7355726046898096e-4,0.0017060627353896562,6.536093501868079e-5,1.5542816123502662e-4,1.5542816123502668e-4,7.450701259424067e-4,2.4074806950462094e-4,2.4074806950462086e-4,2.7484830994038453e-5,2.7161018693902762e-5,3.713793929249502e-5,1.878244219686628e-5,4.5934169894672655e-5,2.259633497359273e-4,5.432026678029408e-4,3.0569814103159366e-4,0.001723309046938739,1.49094646295033e-5,1.536971821365109e-5,9.655689651880611e-5,1.5629483682263795e-4,1.286600986029602e-4,3.717232070160657e-5,6.580993678112939e-5,3.8348045844974145e-5,2.8023447762282726e-5,2.659970706309318e-5,1.4139110752860946e-5,1.7323016616352527e-5,4.428791256695587e-5,9.317497063495998e-5,4.43775143012861e-5,8.36673204672141e-5,2.1569255953381348e-4,0
ISIC 16,0.0010876464338427391,0,0,0.0013699554439803934,0.001452907007597835,6.357784629561885e-4,4.605370481482066e-4,1.0909912422833592,0.00790543247004311,2.626233654982417e-4,3.793317232399392e-4,3.793317232399393e-4,0.0036861435769094545,0.0011826060354689825,0.0011826060354689822,0.0012843492370710058,0.001293084227458795,5.002413007690219e-4,5.270597321997728e-4,0.00293775662982656,0.0010697087071369,0.0024500943413433597,4.013997661210837e-4,0.014958242044732084,2.6434857976706836e-4,2.770517942800304e-4,3.326341706031225e-4,0.010619962461784142,0.0012574856134556101,0.0016190966886750337,7.839445757134954e-4,3.176932038247355e-4,5.873617548136701e-4,6.899580228177164e-4,1.4470019168655524e-4,0.0010294503670913613,4.4235015185003563e-4,7.533165720387892e-4,2.8124482682135074e-4,5.851667867297909e-4,4.6080888654886497e-4,0
ISIC 17T18,0.0021119311499601156,0,0,0.003620071534210089,0.003156326998752598,0.018258461508511015,0.006200754331239591,0.008604926745428688,1.110776286314779,0.0012089651290244673,0.0068300048398197595,0.006830004839819761,0.012628483785129055,0.009485064682877683,0.009485064682877681,0.005018082801908811,0.005050647902964132,0.005436200512104261,0.0020915854916495,0.007167815350979486,0.005301641497299561,0.006801425557855251,0.0021821432820343313,0.011542331417408782,0.0014130458513231016,0.0015183926192039602,0.00368154855759734,0.003025795442722671,0.0067941699504109505,0.005032178522904717,0.00772620724960277,0.009665645528062657,0.002630205340573674,0.006674823627315596,0.0042083693185235695,0.0010785015712210207,0.006022559851549783,0.006367250795156127,0.0034429385898174084,0.006040476259100121,0.004006296324212325,0
ISIC 19,0.0014131317210411725,0,0,0.002062885438987156,0.0015094372371300354,4.97194959568761e-4,2.1677038866775396e-4,6.915280278658051e-4,5.699966794304233e-4,1.002253331957584,6.918489586949729e-4,6.918489586949729e-4,3.6401729558228907e-4,5.607615476650004e-4,5.607615476650004e-4,7.975792938616832e-4,7.851336997171022e-4,4.6787988394115745e-4,7.163381125386798e-5,5.04702844864684e-4,3.1881546549830046e-4,2.1282809017862637e-4,1.0329978305885131e-4,4.6062134631220296e-4,0.001651767487732438,0.0015357259317245484,0.0011087686082439589,0.0016463806619839423,2.5526819907818553e-4,0.002975380041631712,3.47295523097706e-4,1.0918114662823013e-4,9.954958037268037e-5,2.1202450311192655e-4,1.5826940101242883e-4,1.45863784678408e-4,2.3610186616893154e-4,0.0018744977765402862,2.646516542024437e-4,1.933461752313999e-4,2.7119691477067324e-4,0
ISIC 20,0.007695796958088117,0,0,0.0026886397633008765,0.0022358416972323145,0.0024298693653893046,0.019428404905756164,0.004737742489172335,0.006070920475535688,0.008703916554820864,1.0207658752922093,0.02076587529220911,0.026828485550419636,0.0033856397982846677,0.0033856397982846664,0.0010404477107018842,9.749307960842165e-4,0.0022706667072319095,0.0010118177644360808,0.002516405285078374,0.0014511054835212786,0.002892346114831744,7.852758817212375e-4,0.00452856901399593,8.321082485206455e-4,7.939978238021084e-4,0.0018898455833477896,0.0017747131439392755,6.19444400894712e-4,0.0010751694706432671,8.068878457672426e-4,5.234498525332447e-4,4.6832410217230295e-4,6.583091133214143e-4,2.7082232393351206e-4,3.867526936069867e-4,0.0010984505274393816,0.0017686738610262177,5.745080337408928e-4,0.0031133246590606895,0.0011661994375351023,0
ISIC 21,0.005130531305392078,0,0,0.001792426508867252,0.001490561131488209,0.001619912910259537,0.01295226993717077,0.003158494992781557,0.004047280317023792,0.005802611036547242,0.013843916861472733,1.013843916861473,0.017885657033613105,0.0022570931988564447,0.002257093198856444,6.936318071345893e-4,6.499538640561441e-4,0.0015137778048212726,6.745451762907207e-4,0.0016776035233855824,9.67403655680853e-4,0.0019282307432211619,5.235172544808254e-4,0.0030190460093306214,5.547388323470971e-4,5.29331882534739e-4,0.0012598970555651938,0.0011831420959595178,4.1296293392980806e-4,7.167796470955119e-4,5.379252305114951e-4,3.489665683554963e-4,3.1221606811486876e-4,4.3887274221427624e-4,1.805482159556747e-4,2.5783512907132447e-4,7.323003516262551e-4,0.0011791159073508118,3.8300535582726203e-4,0.0020755497727071278,7.774662916900678e-4,0
ISIC 22,0.002078802737651328,0,0,0.003071206881152847,0.0021533862974838012,0.006923052967272472,0.003282280499648942,0.0033000309126119272,0.005976379076886064,7.575731662002942e-4,0.004165672750547557,0.004165672750547558,1.0235525794274059,0.0025659307025025398,0.002565930702502539,9.717462577570211e-4,9.73577277160681e-4,0.002100260424122504,0.002402517995387194,0.004942645961043796,0.006529552766219194,0.009753936476427609,0.002958347929167417,0.009527752661967278,3.4545890343868724e-4,3.834620324890882e-4,0.0013547014268348123,0.00517898628452546,0.0022556246399839342,0.001213267027913693,0.002796591309110159,8.819749652651559e-4,0.0021977848350953175,0.0013189879795776354,3.9441378966000826e-4,3.2837114515170277e-4,0.0010859421088419885,0.001538328231242686,6.75686946770172e-4,0.0024863852829430126,0.0013930207525893108,0
ISIC 231,1.1610874019524741e-4,0,0,0.0011827712346191308,0.0014555518450041056,6.032500779589376e-4,1.2006603936360057e-4,0.0013029178536141032,4.476373649478081e-4,4.907948270700674e-4,3.4016460782133466e-4,3.401646078213347e-4,0.0010335737616481238,1.0150168006125975,0.01501680061259726,0.0012692730291866548,0.0012759284343220115,5.172683900949679e-4,1.3861336839616632e-4,0.00195012026039992,5.582744544434378e-4,0.0016990723553133782,1.370399178580432e-4,5.967000248476163e-4,1.5641449198434143e-4,1.5670171615048272e-4,2.6320911801619196e-4,0.006404653030369438,1.1382975232987602e-4,1.2637838092126303e-4,3.290673022130393e-4,1.0474956092132628e-4,3.352577185275041e-4,1.917791452612412e-4,4.540391183557485e-5,2.2928363978426896e-4,2.3749240316313288e-4,3.5755069729086686e-4,1.0297124885162191e-4,2.9050142549899593e-4,3.4220876141989457e-4,0
ISIC 239,3.4832622058574226e-4,0,0,0.0035483137038573934,0.0043666555350123145,0.001809750233876813,3.601981180908016e-4,0.003908753560842311,0.0013429120948434247,0.001472384481210203,0.001020493823464004,0.0010204938234640042,0.00310072128494437,0.0450504018377918,1.0450504018377917,0.003807819087559965,0.003827785302966035,0.0015518051702849039,4.158401051884989e-4,0.005850360781199759,0.0016748233633303133,0.005097217065940135,4.1111975357412963e-4,0.0017901000745428487,4.692434759530244e-4,4.7010514845144825e-4,7.89627354048576e-4,0.01921395909110831,3.414892569896279e-4,3.791351427637891e-4,9.872019066391176e-4,3.142486827639791e-4,0.0010057731555825115,5.753374357837239e-4,1.3621173550672452e-4,6.878509193528071e-4,7.124772094893988e-4,0.0010726520918725997,3.089137465548657e-4,8.715042764969882e-4,0.0010266262842596843,0
ISIC 241,3.598210277750146e-4,0,0,0.001339710566828089,0.0010820711528711925,7.36954574141744e-4,4.263780545918466e-4,9.019679075511825e-4,0.0011116161565474932,4.5222950716332507e-4,3.399457676086622e-4,3.3994576760866226e-4,0.0014893313015498508,0.002044759238898408,0.002044759238898408,1.0254481263458581,0.02566182252865544,0.02800530038672764,0.0017714536913394166,0.014430410552739302,0.01431738932204589,0.010277654258114076,0.0034737458127471347,0.005134685473437175,3.3707240973652244e-4,3.5738057287730925e-4,7.665697000694485e-4,0.0014087634702448096,1.7610408457518345e-4,7.495579549675614e-4,2.2389140574992746e-4,1.4298132073942718e-4,2.7070397689846177e-4,2.468226275591519e-4,6.891499528437088e-5,1.339817076263012e-4,2.0937990715112358e-4,4.659533187501351e-4,1.9251818986198375e-4,1.845246884201822e-4,3.266730482274447e-4,0
ISIC 242,2.474773280806594e-4,0,0,0.0010276306785934775,8.352115155567401e-4,5.864539476817054e-4,3.4165711737229183e-4,7.15012212149208e-4,8.905779305173762e-4,2.9518621609531326e-4,2.551652596296835e-4,2.5516525962968354e-4,0.0012064569441259361,0.001654365278024965,0.001654365278024965,0.020794711421169537,1.0209699669966648,0.022897892082635894,0.0014469926694394577,0.011789941365253496,0.011703641662849778,0.008401923093252857,0.002838725693935891,0.0041858118027814336,2.209411487671078e-4,2.4140996809956765e-4,5.903777839756909e-4,0.001097958153608078,1.3560922236442323e-4,5.144800262890647e-4,1.716522599303593e-4,1.1335946084654213e-4,2.1817962288184502e-4,1.949057142339247e-4,5.11298112249703e-5,1.0477812892231178e-4,1.6347129523458257e-4,3.189936178511282e-4,1.4872737616982687e-4,1.445548692309085e-4,2.582731129538041e-4,0
ISIC 25,0.002257122201823855,0,0,0.006181005651794841,0.0052881665955731155,0.008522244710149538,0.004496802528918403,0.012362976729534056,0.012190231433597742,0.0023006513085696697,0.005362439255473189,0.0053624392554731904,0.013933283911583765,0.008034920745360847,0.008034920745360847,0.010939587108009841,0.011013443533953787,1.0459408742102352,0.008898723512869217,0.032146792662447236,0.02735655563231286,0.017979262735573584,0.01609241211015686,0.017356333702792624,0.001194100405024012,0.0025761365074896923,0.008622431513458175,0.020719899089932492,0.001303555883142646,0.002661086050467611,0.0024339786564355754,0.0020362027207479322,0.0044046231301329355,0.002705791076591251,5.183997654216009e-4,0.0011702555383349142,0.00164383576321386,0.002317351601690351,0.0012291531801171193,0.001525592328841125,0.002400807514122699,0
ISIC 26,2.0575505440384234e-4,0,0,6.184478849888352e-4,6.119431860560959e-4,8.644487175581428e-4,0.0013498165060746815,0.001890106398417923,0.002133779165157998,2.576708790162651e-4,0.0014004397609466669,0.0014004397609466677,0.002003156638885081,0.0011129266792938932,0.0011129266792938932,0.0013167621679668483,0.0013258166046667178,0.0026729280280460093,1.015270123667303,0.006183272201902772,0.0033115344883230544,0.0028854387815716595,0.006907374271264987,0.0026894293310633617,3.1190047435257696e-4,3.177222103845786e-4,0.0010074724366984336,9.619279574205397e-4,0.0014252780848839873,4.862155828775764e-4,5.788719010525633e-4,0.0012594930150872654,0.0018839701303826025,0.0018549643842105436,2.7400626506516657e-4,1.9824047247973665e-4,9.953124964075066e-4,6.420770808680967e-4,8.455295303942328e-4,0.0011473164464323503,6.534800769594055e-4,0
ISIC 27,4.5919386433009696e-4,0,0,9.411789644719106e-4,9.7130777265502e-4,5.757756692766635e-4,4.229320529102765e-4,9.447098110966855e-4,5.663621223959345e-4,3.1239811948371933e-4,7.652582370505907e-4,7.652582370505909e-4,0.0011447658621601383,7.986799784388931e-4,7.986799784388932e-4,0.0025539902860802813,0.0025731542189641773,0.0026129146604453356,0.0013973741927589768,1.0156341548958494,0.007353763790605672,0.003095908234255499,0.0013086992200014107,0.0011391044843384035,4.206800190668677e-4,4.2952932433544034e-4,0.0011522671716030762,0.005256948219224672,8.518031329190961e-4,8.384869356703299e-4,7.980832224543023e-4,6.114851821816598e-4,9.988676611668397e-4,0.0014216027533923425,3.1678320967541685e-4,3.693368947334556e-4,9.041576899737196e-4,8.751605405274923e-4,5.601351334858142e-4,6.590270115971813e-4,0.0016967386293478919,0
ISIC 28,7.840534472569864e-4,0,0,0.010597091980783154,0.014104588460614347,0.0018692494340302862,9.093407969652413e-4,0.002200621414548516,0.0029740194478569356,5.731529650968184e-4,0.0018496828620333315,0.001849682862033332,0.0031890451800022173,0.0015372931111900983,0.0015372931111900983,0.0021143116096948456,0.0021274873609615705,0.005501553386739861,7.886299713382543e-4,0.004657847608392966,1.0251260610646913,0.014322302105685476,0.004419210326483863,0.0016592978302578812,9.398952816643571e-4,9.8707312587738e-4,0.0066559784022901854,0.008694863199896787,0.0013169867480960652,0.0018720000881777604,0.001483464837339709,0.0010313561725353664,0.0012985761631595183,0.001959546183266775,6.02316719276815e-4,6.854229232676731e-4,0.0013896948526195651,0.0012486827917872851,0.0025658851785558554,0.0012314344077515359,0.002446565998298146,0
ISIC 29,9.709895518936941e-4,0,0,0.002927519656127073,0.001826323966132296,0.0016890773008514316,6.591093149277122e-4,0.0036897857684363854,0.0016137236882972181,3.062344525890033e-4,7.244500089111204e-4,7.244500089111205e-4,8.944423583905167e-4,0.0013566571182336978,0.0013566571182336978,9.480401065396125e-4,9.535270638283187e-4,0.001369004624052842,7.800906768195468e-4,0.0016332501678077327,0.008279146238085833,1.0807756887689288,0.0022796842275328386,0.0014849031970408822,3.759830721807481e-4,3.8200814557292034e-4,0.002691319924008857,8.027941724508336e-4,0.0016368157940052103,0.003384575964088806,8.724384748086578e-4,5.818558544600148e-4,7.68297576404796e-4,6.391693219494677e-4,2.7235905839535844e-4,2.2539199763914103e-4,0.0016087839454897023,0.0011720550555445707,6.195180850517177e-4,9.890169192067167e-4,0.002971103694888829,0
ISIC 30,5.807697464650615e-5,0,0,1.6789170905554416e-4,1.5255951266065148e-4,1.1122469793841358e-4,8.959332611023465e-5,1.3194452614681524e-4,1.0328863730309729e-4,5.329949791752597e-5,8.81981511473293e-5,8.819815114732931e-5,8.135267612551123e-5,1.2395519809618708e-4,1.2395519809618708e-4,8.3201690065833e-5,8.34573313961119e-5,1.8592767084480482e-4,6.205232140529608e-5,7.66978958184319e-5,3.1280892574973466e-4,5.432525171729211e-4,1.0482504923159046,9.287256054389493e-5,9.9627606482119e-5,1.0050887656386334e-4,3.6069522143131975e-4,8.539492996241726e-5,1.5597483011639286e-4,0.00115846393222714,1.448801844873796e-4,1.0805031194441715e-4,9.508255285310124e-5,1.4424644957710853e-4,7.098849451404987e-5,5.503620017790149e-5,2.681893570177937e-4,8.528754032867514e-4,7.546976169683034e-5,1.2103779426056763e-4,1.281129313606011e-4,0
ISIC 31T33,3.1557545516103924e-4,0,0,6.732422288650976e-4,5.737679087778536e-4,3.4409379774108094e-4,7.930011412284426e-4,0.0017032063380948816,3.733438942027926e-4,2.0912672904361464e-4,4.1682993278074345e-4,4.1682993278074345e-4,0.001181345939930787,5.448537932151321e-4,5.448537932151322e-4,2.897825998738042e-4,2.9047214711541e-4,3.640538605104778e-4,2.582083042255832e-4,0.0013096542973095057,0.002152055777209904,0.0013361763739637561,4.77668614733617e-4,1.012342728514943,2.6580014686094594e-4,2.730449975287972e-4,0.0011709075472777738,0.005564127175647125,5.554616396408348e-4,4.404503759268961e-4,6.013187798460042e-4,3.094781350693202e-4,3.8718410495271877e-4,5.620004312314503e-4,1.9783499018548645e-4,5.275759449837842e-4,6.156688417481316e-4,8.472170133814888e-4,4.6674210535123124e-4,0.0058964211190146035,0.0010620641938237586,0
ISIC 351,0.004015788496554842,0,0,0.006200587362199014,0.0012513554386104134,0.0021946882697308867,0.00254154846336054,0.0028994984030177454,0.004443450820821268,0.008987390437340486,0.002900700124038155,0.002900700124038156,0.003258166920057176,0.004869040554982873,0.004869040554982872,0.0035077558796671117,0.0034609091113493085,0.0022726202013406047,7.302527358541544e-4,0.0012393280281263522,0.0013078408047828912,0.0011017291992050926,0.0014877594009466404,0.001366342819901422,1.010893715941823,0.01030365657276942,0.006019658517004841,0.0012938858125642705,0.0021644619495078538,0.0019431450205223894,0.0034686581456454843,6.659832563504084e-4,0.0012342909405866852,9.200112273544241e-4,3.8793506955874473e-4,0.0012015075889747187,0.0010012752930231216,0.002107733468319116,0.002333220727079482,0.0013604911593404665,0.0017885978094710822,0
ISIC 352T353,0.001243663249993313,0,0,0.0019124962093774302,3.9203891605487084e-4,6.743833437388108e-4,7.806952813742648e-4,8.904312585748268e-4,0.0013623888913581552,0.0035282571665756486,8.979352739890482e-4,8.979352739890486e-4,9.984943241920679e-4,0.0014916555614682605,0.0014916555614682605,0.0010815398570395613,0.0010606222579309717,6.967601190601335e-4,2.2375214668954432e-4,3.807837566059275e-4,4.0144380562033983e-4,3.3753492679212006e-4,4.5530506588251156e-4,4.201934163140689e-4,0.0036173455056287317,1.003410881389916,0.0018832739839756963,4.020317794669503e-4,6.635450785135104e-4,6.152622153441344e-4,0.0010621853310187252,2.0495352362668424e-4,3.784009542499596e-4,2.833617500111146e-4,1.1949815819270068e-4,3.6299038735760237e-4,3.077336861563266e-4,6.785966390755435e-4,7.148656586132788e-4,4.1674330216872284e-4,5.476733335600172e-4,0
ISIC 36T39,8.255129966472938e-4,0,0,0.0012869319832053449,3.6600409019398223e-4,5.59559530656478e-4,5.929353097594944e-4,6.755897241813568e-4,9.976578086475488e-4,0.00123128032377861,7.230074646376266e-4,7.230074646376268e-4,7.468065044335679e-4,0.0011136237541905416,0.0011136237541905416,7.763758457147116e-4,7.724867533918039e-4,5.422880554006505e-4,1.7483801197434138e-4,2.9635775220243486e-4,3.3048804199979506e-4,2.5835397486945416e-4,3.4355572342511473e-4,3.645707353577874e-4,0.0020001435227581686,0.0019299731576736896,1.0066773323278584,3.5456572446352735e-4,5.684477164168535e-4,5.457659752220004e-4,9.042851137248455e-4,1.7089463272105718e-4,2.859457863794091e-4,2.4510928792400444e-4,1.7884800856887424e-4,9.157733499416463e-4,3.638700773988198e-4,0.0010838117250418344,5.788520187345565e-4,4.81255872846216e-4,5.675449636932866e-4,0
ISIC 41T43,0.005137364182278511,0,0,0.03337237249316256,0.020676750345512456,0.0037269219905507224,0.0029988542603464684,0.004224789136623404,0.006967601478591113,0.015191374433957133,0.003528016479263703,0.0035280164792637044,0.004415720490093364,0.009134457688807805,0.009134457688807806,0.005877654048632075,0.005798028720250077,0.005011660717223387,0.0019969658622364054,0.0022289003336963993,0.0033159932841409973,0.002189579167894913,0.001897873954101554,0.0030684773160757285,0.012053797476480077,0.012656197325215284,0.005634394815043956,1.0016259062309907,0.005450604173239675,0.00686464520560233,0.006381915828738992,0.0020518310901008504,0.004252072759739623,0.002348067104356003,0.003146952614960317,0.03092517212026377,0.003365943076161864,0.02303287015412575,0.0082984077446871,0.004065561138047779,0.007299256679708263,0
ISIC 45T47,0.0384258897804704,0,0,0.018539126281170944,0.014395024314682916,0.034702837707618006,0.020669183375043948,0.03573858554725284,0.027868239123556824,0.013904458128155156,0.025732951851658015,0.025732951851658022,0.025035128960549324,0.01907852092863511,0.019078520928635115,0.028335066929781147,0.02845843781886129,0.01938719274323065,0.010923225198525583,0.023354814357142057,0.02971009927226017,0.03795456998209507,0.013561441719772586,0.025621107497075166,0.011899836648496516,0.011531010201403008,0.015302632531008095,0.06102377021726352,1.0113134768154914,0.025474509383805483,0.02012237318493199,0.009755227619105333,0.010863863837702716,0.006543637537423183,0.003249611408383199,0.005991300045329495,0.009143935693962548,0.010191734409570715,0.006442639929535055,0.010789450169830184,0.014551278193145235,0
ISIC 49T53,0.024367565408117374,0,0,0.022385810989009474,0.009500490903185789,0.03354601481980522,0.02190900634383822,0.03705256704154201,0.03279026703063037,0.017023854643719895,0.01465763217700206,0.014657632177002061,0.02507976708412745,0.04772922645031805,0.04772922645031805,0.03211001430824457,0.03223898966584748,0.014731661729684422,0.0040988704821716656,0.011907456034751587,0.012071810629611516,0.012612708451190592,0.006086257155759287,0.016538385417154425,0.028885965989704398,0.02848368655843863,0.026875495548311295,0.014448665679514158,0.034306922596894135,1.1222508865346006,0.010054648810357357,0.00755053968892083,0.004530729740420594,0.015140748170607997,0.0054129387238335295,0.0035549057526923855,0.012298512295125673,0.015190180671848994,0.006216574835947353,0.011734370978875934,0.008944354733813347,0
ISIC 55T56,0.0016997803870405566,0,0,0.0017871885707791597,0.006177007158732179,0.001968363926418655,0.0016796938735701614,0.0026991909885025283,0.0030235665726773323,9.624896813309091e-4,0.0013093644609646236,0.0013093644609646236,0.0030125141107364417,0.00378364788786957,0.00378364788786957,0.0020521510986503426,0.002061466887034537,0.0026331002847680652,7.103117728810409e-4,0.0012514474726999564,0.0022090771197968086,0.001410325839767082,0.0010219568961875275,0.002658998502956536,0.006089623127836697,0.005755014345449424,0.008233565814533213,0.0015063312745714134,0.0054818103088521905,0.005387218070793361,1.0134654669098482,0.0031273389514106316,0.0029420454332417588,0.014415586321994045,0.007668048011416011,0.008260718363072047,0.012767248964257107,0.005971031575819763,0.006548011451081361,0.021972773692420948,0.005224402027853133,0
ISIC 58T60,0.0011508218335957853,0,0,0.001757217661121797,0.002789472507333137,0.0013943112844138888,0.0012186565058702659,0.001905435314648681,0.0018212719463330648,4.752167983006531e-4,9.05700405917732e-4,9.057004059177322e-4,0.0012151056999082396,0.0029918434143983764,0.0029918434143983764,0.0010493138895709823,0.0010542219893983694,0.0019190484359254193,7.291959636398256e-4,9.633385065399335e-4,0.0018632285480320537,8.7988886290361e-4,0.001382383349293985,0.0017230385340112535,0.0019082356867390791,0.00255170036149984,0.003530097104737461,0.0019278412065221165,0.0031617706076598326,0.0029174065285547607,0.004180282940874374,1.0327084530609332,0.03767619364045168,0.008080895564739487,0.002453076344477351,0.0011579677961393556,0.004415178010758493,0.010129347965523472,0.0033130355427977514,0.003111955510458092,0.0033789360243528708,0
ISIC 61,0.0015511826858327265,0,0,0.0025396165629666114,0.004124311838578094,0.0019793457425784666,0.0017384213087223725,0.002517638551160909,0.0024187889153919075,6.508238205921221e-4,0.0013167546845921458,0.0013167546845921458,0.001678545782796878,0.004187530940320352,0.004187530940320353,0.0014219423081953285,0.0014285347932879206,0.002561399765605847,0.0010074957105879678,0.0013376415077726864,0.002524552961680718,0.0012295274986153504,0.0016495661735259765,0.002319595626725334,0.0023154299550623607,0.0032986046034685916,0.004781883730772863,0.0025424566562815055,0.0039232213073093596,0.004034460065041813,0.0053128792963778055,0.016760015271776885,1.047894020137691,0.009601629364932807,0.0030618945251885527,0.0016256045000026841,0.00504135004087639,0.012879963359376013,0.003669659162702119,0.003519292435268515,0.004388837937728104,0
ISIC 62T63,0.0018964518334516174,0,0,0.007017478902096766,0.004798538925913966,0.004116595692298441,0.003930156270212227,0.006005440194790492,0.0057826300306369,0.0019510283722212402,0.0026651667656930355,0.0026651667656930355,0.003939979271885779,0.008067553864659262,0.008067553864659262,0.0038352204239597604,0.0038513288537437166,0.007185149036814028,0.0022486549119157696,0.003735597674231902,0.007870552741155218,0.0029259943571429644,0.007026741055573159,0.006474588964264643,0.009022042433921556,0.00855247711971019,0.01156504336475693,0.004404101884804798,0.010014983504773561,0.005812810316481563,0.011879424432136595,0.01632305836885752,0.009098427892147905,1.0237977096081567,0.009285560187535236,0.002130107943753622,0.014736597873150606,0.01626879430439255,0.010303835476658455,0.007076032127106323,0.009205650372452712,0
ISIC 64T66,0.006237657049563045,0,0,0.017947551590059018,0.0530056253218345,0.005004330891831091,0.005493974629705893,0.004320442687213247,0.004271050817915937,0.001807445376020046,0.0037726097205142933,0.0037726097205142933,0.004354464118571112,0.007109666514617952,0.007109666514617953,0.008071587284476609,0.008125141002631836,0.00794851284742678,0.0033882933069606263,0.006857690902852348,0.007685069924171477,0.006300766905886256,0.0037636078145959644,0.0091119437311543,0.006506909738005134,0.007644927872377911,0.007534715981540006,0.0037087429201125635,0.010169631329165828,0.017983210206497464,0.013090242960777473,0.006151553034846013,0.007149174383563207,0.005889296719175525,1.0623206057518717,0.015204570661897685,0.012653785896834042,0.01056763496277902,0.007248219853002752,0.012107013197965125,0.00975000265978311,0
ISIC 68,0.014658039034817296,0,0,0.009505977100449042,0.016220806387669616,0.013300976572796098,0.015795240440470006,0.013678710271158847,0.019527522784651134,0.0035449696934481377,0.010800926631720822,0.010800926631720826,0.017049465999873545,0.015327913747094244,0.015327913747094244,0.007297668514474605,0.007329751276634154,0.019574114249311696,0.011396299697258264,0.010002908493405708,0.011701995744775987,0.008339801981458379,0.007160554543164029,0.0191204050549292,0.022117968309161413,0.021435059417711896,0.03178849581323358,0.016966836812969212,0.0699467605133634,0.03512538732743841,0.06374057590387947,0.028097267032697028,0.0390517941040312,0.02818371225057157,0.028715254105645394,1.038536877158374,0.05437353569005524,0.016646458038010667,0.09860725357129284,0.07532529921355226,0.09199691632719631,0
ISIC 69T82,0.010345998998725849,0,0,0.06590765194687469,0.06697067662433007,0.03454986285200698,0.030865679107050736,0.018908387990104376,0.0296114304025731,0.014215668935917834,0.033016325840730415,0.033016325840730415,0.022793522922092926,0.03404093008131168,0.03404093008131168,0.021139484102071532,0.02119867753213518,0.035197105504070715,0.021233499622070807,0.024343252596811735,0.040575270169018504,0.024302668306445653,0.024383478405911714,0.03288217291842285,0.03147120268237014,0.03208015144354262,0.052400426302475496,0.025130243396909422,0.05779664412183006,0.05180880949870625,0.06358643574110404,0.04815303136871499,0.04181963941119868,0.061849964666953125,0.03150762283491208,0.021454976426302955,1.0602794534563131,0.026266024766659454,0.031186902121041284,0.05207505632826972,0.039685698972094695,0
ISIC 84,0.003708620162072023,0,0,0.0063678739046344746,0.004540665212703249,0.005214200793117815,0.004385028988142905,0.004202089657491849,0.005658550448836168,0.0049445932875339755,0.004738493672047302,0.004738493672047304,0.004078765790680803,0.006797067322973941,0.006797067322973941,0.004393629274392072,0.004388918945043743,0.00397131208011869,0.0015834933526169233,0.002561268757283213,0.0035235270613583453,0.0022839885373540153,0.0024006084249439006,0.0034481902479266122,0.007666172747225235,0.007605744490738223,0.013727917551929343,0.0024869298690947846,0.006757114249867301,0.00801539798616369,0.008629033405298556,0.0035032180292099285,0.00393791848561908,0.004933371638265712,0.0034637129449569645,0.003576370535625558,0.0058776136462986225,1.0073326094658277,0.0049550220619858885,0.007085810281278898,0.006374144142398475,0
ISIC 85,1.993805267450711e-4,0,0,7.703191750674457e-4,9.25192864783188e-4,4.5523859476746565e-4,4.019704846756794e-4,3.557947675015764e-4,4.798023328540313e-4,2.049998775296901e-4,3.989594963909925e-4,3.989594963909926e-4,3.826413987787682e-4,5.595119514240796e-4,5.595119514240797e-4,3.320621730773986e-4,3.331484604673332e-4,5.114134054650155e-4,2.529610760792892e-4,3.2160423203729115e-4,5.517553209575794e-4,3.250264619966532e-4,3.391471664342785e-4,4.829406668866525e-4,6.669606835324237e-4,6.553999101430787e-4,9.654671970221394e-4,3.607648473312538e-4,0.0010666497483638843,7.850537877267572e-4,0.0012430433508511707,7.220605345168895e-4,6.193358016085195e-4,0.0013899319229527792,6.85688766631235e-4,5.585645472173055e-4,0.0012192992265518288,0.0011796441897291006,1.0017687660467751,0.0014069244165224916,0.0014327164913887835,0
ISIC 86T88,2.1345197785131416e-4,0,0,4.275538342518073e-4,3.8045023092650524e-4,3.0423733846651475e-4,2.3925188810203744e-4,2.782207868960327e-4,2.921407924251349e-4,1.57225457347716e-4,2.514217284298602e-4,2.514217284298603e-4,2.3267981719122876e-4,3.0783699294603006e-4,3.0783699294603006e-4,2.37160453024874e-4,2.37843837324239e-4,2.858979868849634e-4,1.4130641000930773e-4,2.16375280245129e-4,3.42108424914718e-4,2.5861680630160353e-4,2.144154282680087e-4,2.891928436125143e-4,3.023676069687506e-4,2.969809258515895e-4,4.19278261654135e-4,3.576243591764412e-4,3.810796047850719e-4,3.689980035417126e-4,4.8033837686381264e-4,3.6478617240267257e-4,2.710393482917691e-4,5.351062430764231e-4,2.496682264711956e-4,1.9316012546146088e-4,4.815184543572155e-4,0.004152488043297063,2.823749661067857e-4,1.0105711417443957,4.506046938669714e-4,0
ISIC 90T96,0.0024890523527219596,0,0,0.003245682206223681,0.006358468288361448,0.004134088941350158,0.003434640949780273,0.00504261035219125,0.007551048996356513,0.002742008465978111,0.003829345398107879,0.00382934539810788,0.005234053138142825,0.009216829354299952,0.009216829354299953,0.006074339712652541,0.006102828647129481,0.005955941273063905,0.0021431515897443526,0.002554378223095563,0.004189651043770236,0.0028038890968272692,0.0023328720258073777,0.003970277424640203,0.00364423421362268,0.004432803763921406,0.024653526037884895,0.005096409740140895,0.009874390767111042,0.015200458615720672,0.013261465526713515,0.011659322169041704,0.02867368132529965,0.00728437441849128,0.006800160606924182,0.008245737768881427,0.013473990736707006,0.011135405732522564,0.009982189327692632,0.009919973935519018,1.0201915220632192,0
ISIC 97T98,0,0,0,0,0,0,0,0,0,0,0,0,0,0,0,0,0,0,0,0,0,0,0,0,0,0,0,0,0,0,0,0,0,0,0,0,0,0,0,0,0,1
