Policy:,livestock measures,Unit: g CO2e,,,,,,,,,,,,,,,,,,,,,,,,,,,,,,
Lower Bound,Upper Bound,2020,2021,2022,2023,2024,2025,2026,2027,2028,2029,2030,2031,2032,2033,2034,2035,2036,2037,2038,2039,2040,2041,2042,2043,2044,2045,2046,2047,2048,2049,2050
-1150,-1100,410382000,406643000,402904000,399165000,395426000,391687000,389878000,388070000,386262000,384453000,382645000,9461200000,18539700000,27618300000,36696800000,45775400000,43238100000,40700700000,38163400000,35626100000,33088700000,30717700000,28346700000,25975600000,23604600000,21233600000,19002300000,16771000000,14539700000,12308500000,10077200000
-1100,-1050,0,0,0,0,0,0,0,0,0,0,0,0,0,0,0,0,0,0,0,0,0,0,0,0,0,0,0,0,0,0,0
-1050,-1000,0,0,0,0,0,0,0,0,0,0,0,0,0,0,0,0,0,0,0,0,0,0,0,0,0,0,0,0,0,0,0
-1000,-950,0,0,0,0,0,0,0,0,0,0,0,0,0,0,0,0,0,0,0,0,0,0,0,0,0,0,0,0,0,0,0
-950,-900,0,0,0,0,0,0,0,0,0,0,0,0,0,0,0,0,0,0,0,0,0,0,0,0,0,0,0,0,0,0,0
-900,-850,0,0,0,0,0,0,0,0,0,0,0,0,0,0,0,0,0,0,0,0,0,0,0,0,0,0,0,0,0,0,0
-850,-800,0,0,0,0,0,0,0,0,0,0,0,0,0,0,0,0,0,0,0,0,0,0,0,0,0,0,0,0,0,0,0
-800,-750,0,0,0,0,0,0,0,0,0,0,0,0,0,0,0,0,0,0,0,0,0,0,0,0,0,0,0,0,0,0,0
-750,-700,0,0,0,0,0,0,0,0,0,0,0,0,0,0,0,0,0,0,0,0,0,0,0,0,0,0,0,0,0,0,0
-700,-650,0,0,0,0,0,0,0,0,0,0,0,0,0,0,0,0,0,0,0,0,0,0,0,0,0,0,0,0,0,0,0
-650,-600,0,0,0,0,0,0,0,0,0,0,0,0,0,0,0,0,0,0,0,0,0,0,0,0,0,0,0,0,0,0,0
-600,-550,0,0,0,0,0,0,0,0,0,0,0,0,0,0,0,0,0,0,0,0,0,0,0,0,0,0,0,0,0,0,0
-550,-500,0,0,0,0,0,0,0,0,0,0,0,0,0,0,0,0,0,0,0,0,0,0,0,0,0,0,0,0,0,0,0
-500,-450,0,0,0,0,0,0,0,0,0,0,0,0,0,0,0,0,0,0,0,0,0,0,0,0,0,0,0,0,0,0,0
-450,-400,0,0,0,0,0,0,11743000000,23486000000,35229100000,46972100000,58715100000,46972100000,35229100000,23486000000,11743000000,0,0,0,0,0,0,0,0,0,0,0,0,0,0,0,0
-400,-350,0,0,0,0,0,0,0,0,0,0,0,0,0,0,0,0,0,0,0,0,0,0,0,0,0,0,0,0,0,0,0
-350,-300,0,15023800000,30047700000,45071500000,60095300000,75119200000,60095300000,45071500000,30047700000,15023800000,0,0,0,0,0,0,11893800000,23787500000,35681300000,47575000000,59468800000,55160800000,50852700000,46544700000,42236600000,37928600000,33874000000,29819400000,25764800000,21710300000,17655700000
-300,-250,219583000000,202972000000,186360000000,169748000000,153137000000,136525000000,130562000000,124600000000,118637000000,112674000000,106712000000,101872000000,97032600000,92193200000,87353700000,82514300000,66011400000,49508600000,33005700000,16502900000,0,0,0,0,0,0,0,0,0,0,0
-250,-200,0,0,0,0,0,0,0,0,0,0,0,0,0,0,0,0,0,0,0,0,0,0,0,0,0,0,0,0,0,0,0
-200,-150,0,0,0,0,0,0,0,0,0,0,0,0,0,0,0,0,23787500000,47575000000,71362600000,95150100000,118938000000,110322000000,101705000000,93089300000,84473200000,75857100000,67748000000,59638800000,51529700000,43420600000,35311400000
-150,-100,49525000000,49529500000,49534100000,49538700000,49543200000,49547800000,47172800000,44797800000,42422800000,40047800000,37672800000,69086300000,100500000000,131913000000,163327000000,194740000000,160120000000,125499000000,90879100000,56258800000,21638500000,19998200000,18358000000,16717700000,15077500000,13437200000,11778300000,10119400000,8460450000,6801530000,5142610000
-100,-90,0,0,0,0,0,0,0,0,0,0,0,0,0,0,0,0,0,0,0,0,0,0,0,0,0,0,0,0,0,0,0
-90,-80,0,0,0,0,0,0,0,0,0,0,0,0,0,0,0,0,0,0,0,0,0,0,0,0,0,0,0,0,0,0,0
-80,-70,0,0,0,0,0,0,42684600000,85369200000,128054000000,170738000000,213423000000,192798000000,172173000000,151549000000,130924000000,110299000000,104681000000,99062800000,93444800000,87826800000,82208800000,76126400000,70043900000,63961500000,57879000000,51796600000,45643800000,39491000000,33338200000,27185400000,21032600000
-70,-60,0,54610000000,109220000000,163830000000,218440000000,273050000000,218440000000,163830000000,109220000000,54610000000,0,369066000,738133000,1107200000,1476270000,1845330000,1476270000,1107200000,738133000,369066000,0,0,0,0,0,0,0,0,0,0,0
-60,-50,375219000000,318569000000,261919000000,205269000000,148619000000,91968800000,89406300000,86843800000,84281300000,81718800000,79156300000,63325100000,47493800000,31662500000,15831300000,0,0,0,0,0,0,0,0,0,0,0,0,0,0,0,0
-50,-40,0,0,0,0,0,0,0,0,0,0,0,0,0,0,0,0,0,0,0,0,0,0,0,0,0,0,0,0,0,0,0
-40,-30,0,0,0,0,0,0,0,0,0,0,0,0,0,0,0,0,0,0,0,0,0,0,0,0,0,0,0,0,0,0,0
-30,-20,0,0,0,0,0,0,0,0,0,0,0,0,0,0,0,0,0,0,0,0,0,0,0,0,0,0,0,0,0,0,0
-20,-10,0,0,0,0,0,0,0,0,0,0,0,0,0,0,0,0,0,0,0,0,0,0,0,0,0,0,0,0,0,0,0
-10,0,46548800000,46553100000,46557400000,46561700000,46566000000,46570200000,44338000000,42105700000,39873400000,37641200000,35408900000,28327100000,21245300000,14163600000,7081780000,0,0,0,0,0,0,0,0,0,0,0,0,0,0,0,0
0,0,0,0,0,0,0,0,0,0,0,0,0,0,0,0,0,0,0,0,0,0,0,0,0,0,0,0,0,0,0,0,0
0.1,10,0,0,0,0,0,0,13985400000,27970800000,41956200000,55941600000,69926900000,291343000000,512759000000,734175000000,955591000000,1177010000000,1306150000000,1435290000000,1564440000000,1693580000000,1822720000000,1947540000000,2072360000000,2197190000000,2322010000000,2446830000000,2567310000000,2687800000000,2808280000000,2928760000000,3049250000000
10,20,107988000000,108187000000,108386000000,108584000000,108783000000,108982000000,90799100000,72616400000,54433600000,36250900000,18068200000,16366100000,14664000000,12961900000,11259700000,9557620000,9668050000,9778480000,9888910000,9999330000,10109800000,12356600000,14603400000,16850300000,19097100000,21343900000,21571200000,21798500000,22025800000,22253100000,22480500000
20,30,32123400000,32503900000,32884400000,33264900000,33645400000,34025900000,29027600000,24029200000,19030800000,14032500000,9034120000,11050300000,13066600000,15082800000,17099000000,19115200000,19336100000,19557000000,19777800000,19998700000,20219500000,18310000000,16400500000,14491000000,12581500000,10672000000,10785600000,10899300000,11012900000,11126600000,11240200000
30,40,0,0,0,0,0,0,0,0,0,0,0,0,0,0,0,0,1350230000,2700460000,4050680000,5400910000,6751140000,12668300000,18585500000,24502600000,30419800000,36337000000,37134100000,37931100000,38728200000,39525300000,40322400000
40,50,16061700000,19654500000,23247400000,26840200000,30433100000,34025900000,33428200000,32830400000,32232700000,31635000000,31037200000,33193500000,35349800000,37506200000,39662500000,41818800000,40401600000,38984300000,37567100000,36149900000,34732600000,61903700000,89074800000,116246000000,143417000000,170588000000,170966000000,171345000000,171723000000,172102000000,172480000000
50,60,16061700000,16602800000,17143900000,17685100000,18226200000,18767300000,18989000000,19210600000,19432200000,19653900000,19875500000,52034400000,84193300000,116352000000,148511000000,180670000000,180483000000,180297000000,180111000000,179924000000,179738000000,146316000000,112895000000,79472900000,46051300000,12629700000,112830000000,213031000000,313231000000,413432000000,513632000000
60,70,248317000000,247220000000,246122000000,245025000000,243928000000,242830000000,224436000000,206042000000,187647000000,169253000000,150859000000,120687000000,90515200000,60343500000,30171700000,0,38747700000,77495500000,116243000000,154991000000,193739000000,253085000000,312431000000,371777000000,431123000000,490469000000,393355000000,296240000000,199125000000,102010000000,4895740000
70,80,0,0,0,0,0,0,35559900000,71119700000,106680000000,142239000000,177799000000,232893000000,287987000000,343081000000,398174000000,453268000000,419167000000,385066000000,350965000000,316865000000,282764000000,256060000000,229356000000,202652000000,175948000000,149244000000,161155000000,173066000000,184977000000,196888000000,208799000000
80,90,0,97132100000,194264000000,291396000000,388528000000,485661000000,465662000000,445664000000,425666000000,405667000000,385669000000,309368000000,233067000000,156765000000,80464100000,4162880000,42078000000,79993200000,117908000000,155824000000,193739000000,177664000000,161589000000,145513000000,129438000000,113363000000,132450000000,151538000000,170625000000,189712000000,208799000000
90,100,461070000000,368856000000,276642000000,184428000000,92213900000,0,35559900000,71119700000,106680000000,142239000000,177799000000,179442000000,181084000000,182726000000,184369000000,186011000000,159721000000,133430000000,107140000000,80849100000,54558600000,72566100000,90573500000,108581000000,126588000000,144596000000,175677000000,206757000000,237838000000,268919000000,299999000000
100,150,461070000000,514554000000,568038000000,621522000000,675007000000,728491000000,681245000000,634000000000,586754000000,539508000000,492263000000,495773000000,499283000000,502793000000,506303000000,509813000000,503151000000,496489000000,489827000000,483165000000,476502000000,451306000000,426110000000,400914000000,375718000000,350522000000,304916000000,259311000000,213706000000,168101000000,122495000000
150,200,230535000000,184428000000,138321000000,92213900000,46107000000,0,20028000000,40055900000,60083900000,80111900000,100140000000,90588400000,81036900000,71485400000,61933900000,52382400000,52817600000,53252900000,53688100000,54123400000,54558600000,55912900000,57267100000,58621300000,59975600000,61329800000,50043000000,38756200000,27469400000,16182600000,4895740000
200,250,0,0,0,0,0,0,27464900000,54929700000,82394600000,109859000000,137324000000,110692000000,84059700000,57427400000,30795200000,4162880000,4210970000,4259070000,4307170000,4355270000,4403360000,14859000000,25314700000,35770300000,46225900000,56681600000,57105200000,57528900000,57952500000,58376200000,58799900000
250,300,0,0,0,0,0,0,16520900000,33041900000,49562800000,66083700000,82604700000,76560200000,70515800000,64471300000,58426900000,52382400000,52817600000,53252900000,53688100000,54123400000,54558600000,43646900000,32735200000,21823400000,10911700000,0,0,0,0,0,0
300,350,0,0,0,0,0,0,10014000000,20028000000,30042000000,40055900000,50069900000,40055900000,30042000000,20028000000,10014000000,0,0,0,0,0,0,0,0,0,0,0,979149000,1958300000,2937450000,3916590000,4895740000
350,400,0,0,0,0,0,0,0,0,0,0,0,0,0,0,0,0,0,0,0,0,0,929647000,1859290000,2788940000,3718590000,4648230000,15478600000,26308900000,37139200000,47969500000,58799900000
400,450,0,0,0,0,0,0,0,0,0,0,0,832575000,1665150000,2497730000,3330300000,4162880000,4210970000,4259070000,4307170000,4355270000,4403360000,14859000000,25314700000,35770300000,46225900000,56681600000,45345300000,34008900000,22672600000,11336300000,0
450,500,0,0,0,0,0,0,786972000,1573940000,2360920000,3147890000,3934860000,13624400000,23313900000,33003400000,42692900000,52382400000,52817600000,53252900000,53688100000,54123400000,54558600000,43646900000,32735200000,21823400000,10911700000,0,0,0,0,0,0
500,550,0,0,0,0,0,0,10014000000,20028000000,30042000000,40055900000,50069900000,40055900000,30042000000,20028000000,10014000000,0,0,0,0,0,0,0,0,0,0,0,0,0,0,0,0
550,600,0,0,0,0,0,0,0,0,0,0,0,0,0,0,0,0,0,0,0,0,0,0,0,0,0,0,0,0,0,0,0
600,650,0,0,0,0,0,0,0,0,0,0,0,0,0,0,0,0,0,0,0,0,0,0,0,0,0,0,0,0,0,0,0
650,700,0,0,0,0,0,0,0,0,0,0,0,0,0,0,0,0,0,0,0,0,0,0,0,0,0,0,0,0,0,0,0
700,750,0,0,0,0,0,0,0,0,0,0,0,0,0,0,0,0,0,0,0,0,0,0,0,0,0,0,979149000,1958300000,2937450000,3916590000,4895740000
750,800,0,0,0,0,0,0,0,0,0,0,0,0,0,0,0,0,0,0,0,0,0,0,0,0,0,0,0,0,0,0,0
800,850,0,0,0,0,0,0,0,0,0,0,0,0,0,0,0,0,0,0,0,0,0,929647000,1859290000,2788940000,3718590000,4648230000,3718590000,2788940000,1859290000,929647000,0
850,900,0,0,0,0,0,0,0,0,0,0,0,0,0,0,0,0,880673000,1761350000,2642020000,3522690000,4403360000,3522690000,2642020000,1761350000,880673000,0,11760000000,23519900000,35279900000,47039900000,58799900000
900,950,0,0,0,0,0,0,0,0,0,0,0,832575000,1665150000,2497730000,3330300000,4162880000,3330300000,2497730000,1665150000,832575000,0,11336300000,22672600000,34008900000,45345300000,56681600000,45353200000,34024800000,22696400000,11368000000,39648700
950,1000,0,0,0,0,0,0,0,0,0,0,0,0,0,0,0,0,0,0,0,0,0,0,0,0,0,0,0,0,0,0,0
1000,1050,0,0,0,0,0,0,786972000,1573940000,2360920000,3147890000,3934860000,3147890000,2360920000,1573940000,786972000,0,10911700000,21823400000,32735200000,43646900000,54558600000,43654200000,32749800000,21845400000,10940900000,36525600,29220500,21915300,14610200,7305110,0
1050,1100,0,0,0,0,0,0,0,0,0,0,0,10476500000,20953000000,31429400000,41905900000,52382400000,41912600000,31442800000,20973100000,10503300000,33486800,26789400,20092100,13394700,6697350,0,0,0,0,0,0
1100,1150,0,0,0,0,0,0,0,0,0,0,0,0,0,0,0,0,0,0,0,0,0,0,0,0,0,0,0,0,0,0,0
1150,1200,0,0,0,0,0,0,10014000000,20028000000,30042000000,40055900000,50069900000,40062000000,30054200000,20046300000,10038400000,30528700,24423000,18317200,12211500,6105740,0,0,0,0,0,0,0,0,0,0,0
1200,1250,47577700000,38062100000,28546600000,19031100000,9515530000,0,0,0,0,0,0,0,0,0,0,0,0,0,0,0,0,0,0,0,0,0,0,0,0,0,0
1250,1300,0,0,0,0,0,0,0,0,0,0,0,0,0,0,0,0,0,0,0,0,0,0,0,0,0,0,0,0,0,0,0
1300,1350,0,0,0,0,0,0,0,0,0,0,0,0,0,0,0,0,0,0,0,0,0,0,0,0,0,0,0,0,0,0,0
1350,1400,0,9171500000,18343000000,27514500000,36686000000,45857500000,36686000000,27514500000,18343000000,9171500000,0,0,0,0,0,0,0,0,0,0,0,0,0,0,0,0,0,0,0,0,0
1400,1450,0,0,0,0,0,0,0,0,0,0,0,0,0,0,0,0,0,0,0,0,0,0,0,0,0,0,979149000,1958300000,2937450000,3916590000,4895740000
1450,1500,0,0,0,0,0,0,7168680000,14337400000,21506000000,28674700000,35843400000,28674700000,21506000000,14337400000,7168680000,0,0,0,0,0,0,0,0,0,0,0,0,0,0,0,0
1500,1550,0,0,0,0,0,0,0,0,0,0,0,0,0,0,0,0,0,0,0,0,0,929647000,1859290000,2788940000,3718590000,4648230000,3718590000,2788940000,1859290000,929647000,0
1550,1600,0,0,0,0,0,0,22388900000,44777800000,67166700000,89555500000,111944000000,118551000000,125157000000,131763000000,138370000000,144976000000,144443000000,143909000000,143376000000,142843000000,142309000000,140929000000,139549000000,138168000000,136788000000,135407000000,134992000000,134576000000,134161000000,133745000000,133330000000
